,odds_ratio,coefficient,type,train_prevalence
has_agent,0.6795395938550038,-0.38633977798623004,0->1 flag,0.5585654451368365
experience_required,0.6822074211005422,-0.3824215308677493,0->1 flag,0.3622494090792204
wage_offer_annual,0.6881891600821233,-0.37369153685858264,+1 SD,
employer_filing_count_log,0.7465574711664026,-0.2922826774694218,+1 SD,
edu_required,0.77012702887293,-0.26119980517863733,+1 SD,
soc_15,0.7870839586672964,-0.23942035433960146,0->1 flag,0.5577481955340128
coa_H_1B,0.8147889922894477,-0.20482610442932486,0->1 flag,0.7597744109285999
employer_num_employees_log,0.8148046181959498,-0.20480692675655776,+1 SD,
pwsrc_OES,0.8599774203013253,-0.15084914554283954,0->1 flag,0.9132412048795437
wage_to_pw_ratio,0.9016653292515252,-0.10351185964079238,+1 SD,
pw_level,1.0329633556826034,0.032431715822529156,+1 SD,
edu_gap,1.037076631779584,0.03640582408661154,+1 SD,
country_INDIA,1.1091906626879207,0.10363061666411932,0->1 flag,0.5532427548356871
employer_age,1.1267461114524744,0.11933393146438227,+1 SD,
naics_N54,1.205684554430103,0.187047500600504,0->1 flag,0.31404225039541495
edu_meets_requirement,1.2147483490601467,0.19453693522507304,0->1 flag,0.5075789332779107
coa_Unknown,1.2664840537264266,0.23624459956029356,0->1 flag,0.05893708234846537
country_MEXICO,1.524020353393723,0.4213518124204991,0->1 flag,0.02360865016433058
country_PHILIPPINES,1.8936681997193403,0.638515794474942,0->1 flag,0.022703334871547385
soc_51,1.9491637730743683,0.6674004462790855,0->1 flag,0.023626263302322467
wage_below_pw,1.9524253384045593,0.6690723630272387,0->1 flag,0.007626488750488765
coa_EWI,2.0613305459255016,0.7233516703807322,0->1 flag,0.005217011473198088
soc_47,3.065242436498671,1.1201266646283088,0->1 flag,0.0037797794130597895
pwsrc_Employer_Conducted,4.601752414392453,1.5264371905988792,0->1 flag,0.0014090510393512728
pwsrc_Unknown,125.18644202866282,4.82980416229627,0->1 flag,0.005745405612954816
