param_C,param_l1_ratio,cv_pr_auc,cv_std,train_pr_auc,rank_test_score
0.1,0.5,0.3280946592982438,0.008027658305977814,0.32840734473367333,1
0.1,0.0,0.32809203984884955,0.0080505809754973,0.3284163020165451,2
1.0,0.0,0.32807833975209444,0.007968100536460165,0.3283938828836821,3
1.0,0.5,0.328066445472117,0.007967795637272838,0.3283850996956092,4
0.1,1.0,0.32806213355593783,0.007991537480267305,0.32837770723906334,5
1.0,1.0,0.3280478012733185,0.007989460898091024,0.3283783918336477,6
10.0,0.0,0.32804583296988804,0.007982148114330494,0.32837640321587447,7
10.0,1.0,0.3280453433231173,0.00798508212504611,0.3283757177806626,8
10.0,0.5,0.3280448148171792,0.007984296392256875,0.3283754016561116,9
0.01,1.0,0.3266068701778474,0.008048365000165066,0.32702625018843684,10
0.01,0.5,0.32629157242639417,0.008062161030567618,0.3266824575125501,11
0.01,0.0,0.324897919843012,0.008034300932428448,0.3253032672594145,12
0.001,0.0,0.30400673792978755,0.0077238810817559485,0.3043466336166489,13
0.001,0.5,0.29737052429709665,0.006868807215377286,0.29784823959810974,14
0.001,1.0,0.2911900668230444,0.005935026127102912,0.29166911004588575,15
