params,mean_test_score,std_test_score,mean_train_score,rank_test_score
"{'class_weight': None, 'criterion': 'gini', 'max_depth': 15, 'min_samples_leaf': 20}",0.4249316755338569,0.009514003874562724,0.4911903760190134,1
"{'class_weight': None, 'criterion': 'entropy', 'max_depth': 15, 'min_samples_leaf': 20}",0.42032543622365237,0.009177085833002469,0.49440163684110533,2
"{'class_weight': None, 'criterion': 'gini', 'max_depth': 20, 'min_samples_leaf': 20}",0.4180270247183418,0.009204926318609067,0.539322325230828,3
"{'class_weight': None, 'criterion': 'entropy', 'max_depth': 20, 'min_samples_leaf': 20}",0.4146159581206271,0.010128681535166923,0.5417805214440643,4
"{'class_weight': 'balanced', 'criterion': 'entropy', 'max_depth': 15, 'min_samples_leaf': 20}",0.41418433070773053,0.008179756880849579,0.4929222741631194,5
"{'class_weight': 'balanced', 'criterion': 'gini', 'max_depth': 15, 'min_samples_leaf': 20}",0.4130051595830473,0.009819237724186403,0.4971042613715045,6
"{'class_weight': None, 'criterion': 'gini', 'max_depth': None, 'min_samples_leaf': 20}",0.4124609136348522,0.008910336961234942,0.566107753582268,7
"{'class_weight': 'balanced', 'criterion': 'entropy', 'max_depth': 20, 'min_samples_leaf': 20}",0.41238965786544385,0.008014397590806393,0.5423126660254737,8
"{'class_weight': 'balanced', 'criterion': 'gini', 'max_depth': 20, 'min_samples_leaf': 20}",0.4117291403229448,0.008618290343299497,0.5456363699467356,9
"{'class_weight': None, 'criterion': 'entropy', 'max_depth': None, 'min_samples_leaf': 20}",0.4089530132378273,0.011535239454842451,0.570821235484282,10
"{'class_weight': 'balanced', 'criterion': 'entropy', 'max_depth': None, 'min_samples_leaf': 20}",0.40893326275677067,0.008649109319503518,0.575689830502467,11
"{'class_weight': 'balanced', 'criterion': 'gini', 'max_depth': None, 'min_samples_leaf': 20}",0.40883683302048324,0.009203758594953428,0.571801050599062,12
"{'class_weight': None, 'criterion': 'entropy', 'max_depth': 10, 'min_samples_leaf': 20}",0.4013807065484979,0.011494429713129615,0.4221763719889082,13
"{'class_weight': 'balanced', 'criterion': 'entropy', 'max_depth': None, 'min_samples_leaf': 100}",0.4001041501771779,0.01163521298678658,0.4485447824795446,14
"{'class_weight': 'balanced', 'criterion': 'entropy', 'max_depth': 20, 'min_samples_leaf': 100}",0.39985559238080465,0.011999214825216995,0.44577390230711894,15
"{'class_weight': 'balanced', 'criterion': 'entropy', 'max_depth': 15, 'min_samples_leaf': 100}",0.3972495616831607,0.010908278536949104,0.4343718883777073,16
"{'class_weight': 'balanced', 'criterion': 'gini', 'max_depth': None, 'min_samples_leaf': 100}",0.3969606667855091,0.014142836177203863,0.4439486633799021,17
"{'class_weight': None, 'criterion': 'entropy', 'max_depth': 20, 'min_samples_leaf': 100}",0.39681349243167485,0.01021997506875401,0.44353935163928115,18
"{'class_weight': 'balanced', 'criterion': 'gini', 'max_depth': 20, 'min_samples_leaf': 100}",0.39674006371255716,0.014154848351180081,0.4417267382806367,19
"{'class_weight': None, 'criterion': 'entropy', 'max_depth': None, 'min_samples_leaf': 100}",0.39659463756245417,0.010173182321522511,0.4455883196948154,20
"{'class_weight': None, 'criterion': 'gini', 'max_depth': 10, 'min_samples_leaf': 20}",0.3965326461147006,0.009873384386108472,0.41417828943992496,21
"{'class_weight': None, 'criterion': 'entropy', 'max_depth': 15, 'min_samples_leaf': 100}",0.3965033047242712,0.010415987491021643,0.4331365839899039,22
"{'class_weight': 'balanced', 'criterion': 'gini', 'max_depth': 15, 'min_samples_leaf': 100}",0.3959866084394227,0.012675197165533116,0.4319517677644189,23
"{'class_weight': None, 'criterion': 'entropy', 'max_depth': 10, 'min_samples_leaf': 1}",0.395523616667467,0.008558449137402814,0.43148236875377616,24
"{'class_weight': None, 'criterion': 'gini', 'max_depth': None, 'min_samples_leaf': 100}",0.39297455490941735,0.008023165807807401,0.4383873087119327,25
"{'class_weight': None, 'criterion': 'gini', 'max_depth': 20, 'min_samples_leaf': 100}",0.392772883151994,0.007928158909006533,0.43608316415643233,26
"{'class_weight': None, 'criterion': 'gini', 'max_depth': 15, 'min_samples_leaf': 100}",0.3920493868028047,0.008234357575303676,0.4247024577876314,27
"{'class_weight': 'balanced', 'criterion': 'gini', 'max_depth': 10, 'min_samples_leaf': 20}",0.39100630223232286,0.013141565737963878,0.41666873599885756,28
"{'class_weight': None, 'criterion': 'gini', 'max_depth': 10, 'min_samples_leaf': 1}",0.3880927821512105,0.01123833394842899,0.4221705552610405,29
"{'class_weight': 'balanced', 'criterion': 'gini', 'max_depth': 10, 'min_samples_leaf': 1}",0.38702449655358473,0.01370802279746268,0.4247362890906851,30
"{'class_weight': 'balanced', 'criterion': 'entropy', 'max_depth': 10, 'min_samples_leaf': 20}",0.3868389787543385,0.012500450595005284,0.40898662675877945,31
"{'class_weight': 'balanced', 'criterion': 'entropy', 'max_depth': 10, 'min_samples_leaf': 1}",0.38274274215062903,0.012374072733608984,0.4159165757798468,32
"{'class_weight': None, 'criterion': 'gini', 'max_depth': 15, 'min_samples_leaf': 1}",0.3819594310463759,0.0070665004306415214,0.5388030151867497,33
"{'class_weight': None, 'criterion': 'entropy', 'max_depth': 10, 'min_samples_leaf': 100}",0.3818247015825213,0.01136388673503446,0.39818620499482654,34
"{'class_weight': 'balanced', 'criterion': 'entropy', 'max_depth': 10, 'min_samples_leaf': 100}",0.3784544438807035,0.013951105702233482,0.3933970973799809,35
"{'class_weight': 'balanced', 'criterion': 'gini', 'max_depth': 10, 'min_samples_leaf': 100}",0.3774714877777178,0.013049570453621566,0.39415256634711493,36
"{'class_weight': None, 'criterion': 'entropy', 'max_depth': 15, 'min_samples_leaf': 1}",0.3749328699966796,0.006832882240469988,0.5545589154636802,37
"{'class_weight': 'balanced', 'criterion': 'entropy', 'max_depth': 15, 'min_samples_leaf': 1}",0.37480447830238905,0.009082926728163106,0.5503442522691978,38
"{'class_weight': None, 'criterion': 'gini', 'max_depth': 10, 'min_samples_leaf': 100}",0.3743781913951997,0.011360451215559725,0.3864074074413544,39
"{'class_weight': 'balanced', 'criterion': 'gini', 'max_depth': 15, 'min_samples_leaf': 1}",0.36607174375769047,0.00712860842091343,0.5670982123941031,40
"{'class_weight': None, 'criterion': 'gini', 'max_depth': 20, 'min_samples_leaf': 1}",0.31576321168007626,0.008543151679752298,0.6913188749286086,41
"{'class_weight': 'balanced', 'criterion': 'entropy', 'max_depth': 20, 'min_samples_leaf': 1}",0.3106098783878135,0.007448571255419898,0.7091152569524592,42
"{'class_weight': None, 'criterion': 'entropy', 'max_depth': 20, 'min_samples_leaf': 1}",0.30863228128948006,0.006803988002888789,0.7085996351046677,43
"{'class_weight': 'balanced', 'criterion': 'gini', 'max_depth': 20, 'min_samples_leaf': 1}",0.3002124949637085,0.0035148290128467602,0.7402155372337644,44
"{'class_weight': 'balanced', 'criterion': 'gini', 'max_depth': 5, 'min_samples_leaf': 20}",0.2881972261864208,0.008886861578357597,0.29056631645711495,45
"{'class_weight': 'balanced', 'criterion': 'gini', 'max_depth': 5, 'min_samples_leaf': 1}",0.28799890016668284,0.00889138056234759,0.2906431946415827,46
"{'class_weight': 'balanced', 'criterion': 'gini', 'max_depth': 5, 'min_samples_leaf': 100}",0.2879409966490435,0.009058456739749811,0.29053449334714326,47
"{'class_weight': 'balanced', 'criterion': 'entropy', 'max_depth': 5, 'min_samples_leaf': 100}",0.2851541029523068,0.010298988241053717,0.287481572940766,48
"{'class_weight': 'balanced', 'criterion': 'entropy', 'max_depth': 5, 'min_samples_leaf': 20}",0.2845705260014033,0.00917834584154923,0.2864452912976965,49
"{'class_weight': None, 'criterion': 'entropy', 'max_depth': 5, 'min_samples_leaf': 20}",0.2845193415347652,0.008825599192321521,0.28799094260716,50
"{'class_weight': 'balanced', 'criterion': 'entropy', 'max_depth': 5, 'min_samples_leaf': 1}",0.28428179269147225,0.009020490280101533,0.2865493448196848,51
"{'class_weight': None, 'criterion': 'entropy', 'max_depth': 5, 'min_samples_leaf': 100}",0.2841812204322184,0.008408669175148188,0.28776933064967647,52
"{'class_weight': None, 'criterion': 'entropy', 'max_depth': 5, 'min_samples_leaf': 1}",0.28384660462756417,0.008444051920682495,0.288024783507001,53
"{'class_weight': None, 'criterion': 'gini', 'max_depth': 5, 'min_samples_leaf': 100}",0.2838430400813677,0.01107650153918883,0.2855437882668286,54
"{'class_weight': None, 'criterion': 'gini', 'max_depth': 5, 'min_samples_leaf': 20}",0.28211864241821616,0.00903159071704964,0.28354180436245385,55
"{'class_weight': None, 'criterion': 'gini', 'max_depth': 5, 'min_samples_leaf': 1}",0.2816799245715635,0.008791594523035979,0.2836470812459581,56
"{'class_weight': 'balanced', 'criterion': 'entropy', 'max_depth': None, 'min_samples_leaf': 1}",0.19726630369430537,0.002143814019450059,0.9832455649189781,57
"{'class_weight': 'balanced', 'criterion': 'gini', 'max_depth': None, 'min_samples_leaf': 1}",0.19498657335892694,0.004037690460406849,0.9832484035652627,58
"{'class_weight': None, 'criterion': 'gini', 'max_depth': None, 'min_samples_leaf': 1}",0.19384964696003285,0.0024830946239411994,0.9830327079204766,59
"{'class_weight': None, 'criterion': 'entropy', 'max_depth': None, 'min_samples_leaf': 1}",0.19347281518990891,0.004053647634124535,0.9830327079204766,60
