feature,mutual_information,rank,dropped_redundant_with,selected
wage_offer_annual,0.04070456446462378,1,,True
pw_annual,0.040239041521882735,2,wage_offer_annual,False
employer_filing_count_log,0.02535015693169651,3,,True
employer_num_employees_log,0.023552933862161174,4,,True
wage_to_pw_ratio,0.023449898978668005,5,,True
wage_gap_annual,0.022072793405352842,6,wage_to_pw_ratio,False
edu_required,0.015865006965815498,7,,True
edu_worker,0.015191420989247417,8,edu_required,False
pwsrc_Unknown,0.014465155904767385,9,,True
wage_below_pw,0.008986150355299375,10,,True
employer_age,0.008111895063885655,11,,True
coa_H_1B,0.00802648084688605,12,,True
employer_yr_estab,0.00756857418178436,13,employer_age,False
soc_15,0.006935773236957127,14,,True
coa_Unknown,0.006239637181207763,15,,True
edu_meets_requirement,0.006116901177805639,16,,True
pw_level,0.00565631246583842,17,,True
country_INDIA,0.005506433707511471,18,,True
has_agent,0.004088715862662004,19,,True
soc_51,0.0038022259690601336,20,,True
country_MEXICO,0.0030154432003191567,21,,True
coa_EWI,0.0029482415750171735,22,,True
pwsrc_OES,0.002853314663082668,23,,True
edu_gap,0.0027783202101554494,24,,True
experience_required,0.002673408554959629,25,,True
naics_N54,0.0026553358134132204,26,,True
soc_47,0.0024765757031861065,27,,True
country_PHILIPPINES,0.0019719095907946814,28,,True
pwsrc_Employer_Conducted,0.0015963236140699565,29,,True
naics_Unknown,0.0014666942050260284,30,,False
soc_35,0.001287834352977281,31,,False
coa_B_2,0.0012159961157779398,32,,False
country_Other,0.0012082441126398322,33,,False
soc_39,0.0011607804465659979,34,,False
coa_Other,0.001150261922084863,35,,False
naics_N51,0.0011435239071286374,36,,False
region_West,0.0011237980395024244,37,,False
pwsrc_CBA,0.0011094454558299056,38,,False
region_South,0.001039358319010933,39,,False
naics_N23,0.001034971166774602,40,,False
soc_45,0.0008317444307062473,41,,False
naics_N52,0.0007248661295500705,42,,False
country_SOUTH_KOREA,0.0007177529312697231,43,,False
soc_25,0.0007175555553539555,44,,False
coa_L_1,0.0006854830527151645,45,,False
region_Territory,0.000625347732609631,46,,False
soc_49,0.0006236154556863802,47,,False
coa_Not_in_USA,0.000612560740961849,48,,False
soc_Unknown,0.0006079464846843064,49,,False
soc_17,0.0005181798716776542,50,,False
naics_N72,0.0004138694311672953,51,,False
soc_53,0.0004054203974440179,52,,False
pwsrc_Other,0.00038307922422982366,53,pwsrc_OES,False
soc_37,0.0003794450459037391,54,,False
naics_N11,0.00036364004963203387,55,,False
pwsrc_SCA,0.00034795624597598753,56,,False
same_state,0.0003225541923669653,57,,False
soc_31,0.0003134580943531485,58,,False
soc_43,0.000270597001021034,59,,False
naics_N81,0.0002664120727315731,60,,False
coa_E_2,0.0002565421896598089,61,,False
pwsrc_DBA,0.00017816056522548752,62,,False
soc_11,0.00016173360619852264,63,,False
naics_N53,0.00016035407539913846,64,,False
naics_N62,0.00014530261761803998,65,,False
coa_F_1,0.00014421653048202893,66,,False
naics_N92,0.0001395477401894699,67,,False
naics_N61,0.00012666349124939788,68,,False
naics_N44,0.0001222332684956036,69,,False
country_VIETNAM,9.219784116787019e-05,70,,False
region_Unknown,7.991625511109682e-05,71,,False
country_CHINA,7.865289329118605e-05,72,,False
naics_N42,7.3614461069859e-05,73,,False
naics_N71,7.199652310968963e-05,74,,False
country_JAPAN,6.186811113423774e-05,75,,False
naics_N55,5.8922787805819484e-05,76,,False
country_PAKISTAN,4.174775413784068e-05,77,,False
naics_N48,3.9843584939338195e-05,78,,False
naics_N22,3.644252848506504e-05,79,,False
country_VENEZUELA,3.5562566201805326e-05,80,,False
coa_Parolee,3.2275158972165305e-05,81,,False
country_ITALY,2.6811976162073765e-05,82,,False
naics_N31,2.6591308919104995e-05,83,,False
country_UNITED_KINGDOM,2.6010652414891998e-05,84,,False
soc_41,2.364646138053577e-05,85,,False
country_BRAZIL,2.317555013653036e-05,86,,False
soc_33,2.2623042331660492e-05,87,,False
country_RUSSIA,2.0154932344945264e-05,88,,False
soc_13,1.542170727635711e-05,89,,False
naics_N56,1.2968691750419453e-05,90,,False
country_CANADA,1.1524225799563678e-05,91,,False
region_Midwest,1.0144102406302313e-05,92,,False
country_GERMANY,9.943921486674397e-06,93,,False
coa_TN,8.892015119005801e-06,94,,False
soc_19,8.675042641109916e-06,95,,False
country_FRANCE,6.683762325046354e-06,96,,False
naics_N21,6.541333873042159e-06,97,,False
country_TURKEY,3.301524324944398e-06,98,,False
soc_21,2.5027040293479873e-06,99,,False
soc_23,2.345340480012191e-06,100,,False
country_NEPAL,1.3147158667843432e-06,101,,False
country_IRAN,6.825067716382215e-07,102,,False
soc_27,5.72176744637054e-07,103,,False
region_Northeast,1.2565648224716064e-07,104,,False
soc_29,1.2023583831517748e-07,105,,False
country_TAIWAN,9.370160544263512e-08,106,,False
region_Outside_US,0.0,107,,False
