,missing_pct_raw,missing_pct_coalesced
add_these_pw_job_title_9089,88.73,
agent_city,43.52,
agent_firm_name,44.71,
agent_state,44.37,
application_type,63.87,
case_no,63.87,
case_number,36.13,
case_received_date,36.13,
case_status,0.0,
class_of_admission,6.1,
country_of_citizenship,5.51,0.02
country_of_citzenship,94.5,
decision_date,0.0,
employer_address_1,0.01,
employer_address_2,66.23,
employer_city,0.0,
employer_country,36.15,
employer_decl_info_title,36.14,
employer_name,0.0,
employer_num_employees,36.15,
employer_phone,36.14,
employer_phone_ext,93.73,
employer_postal_code,0.01,
employer_state,0.01,
employer_yr_estab,36.17,
foreign_worker_info_alt_edu_experience,76.33,
foreign_worker_info_birth_country,76.33,
foreign_worker_info_city,36.14,
foreign_worker_info_education,41.04,
foreign_worker_info_education_other,98.95,
foreign_worker_info_inst,41.14,
foreign_worker_info_major,41.4,
foreign_worker_info_postal_code,77.06,
foreign_worker_info_rel_occup_exp,76.32,
foreign_worker_info_req_experience,76.32,
foreign_worker_info_state,40.73,
foreign_worker_info_training_comp,76.32,
foreign_worker_ownership_interest,76.32,
foreign_worker_yr_rel_edu_completed,77.73,
fw_info_alt_edu_experience,59.81,
fw_info_birth_country,59.82,
fw_info_education_other,98.31,
fw_info_postal_code,60.41,
fw_info_rel_occup_exp,59.81,
fw_info_req_experience,59.81,
fw_info_training_comp,59.81,
fw_info_yr_rel_edu_completed,63.35,
fw_ownership_interest,59.81,
ji_foreign_worker_live_on_premises,76.32,
ji_fw_live_on_premises,59.81,
ji_live_in_dom_svc_contract,99.36,
ji_live_in_domestic_service,36.14,
ji_offered_to_sec_j_foreign_worker,76.32,
ji_offered_to_sec_j_fw,59.81,
job_info_alt_cmb_ed_oth_yrs,81.24,
job_info_alt_combo_ed,81.74,
job_info_alt_combo_ed_exp,36.14,
job_info_alt_combo_ed_other,97.54,
job_info_alt_field,36.14,
job_info_alt_field_name,75.04,
job_info_alt_occ,60.19,
job_info_alt_occ_job_title,60.63,
job_info_alt_occ_num_months,60.68,
job_info_combo_occupation,36.14,
job_info_education,42.22,
job_info_education_other,97.92,
job_info_experience,36.14,
job_info_experience_num_months,64.42,
job_info_foreign_ed,36.19,
job_info_foreign_lang_req,36.14,
job_info_job_req_normal,36.14,
job_info_job_title,36.14,
job_info_major,43.24,
job_info_training,36.14,
job_info_training_field,98.8,
job_info_training_num_months,98.72,
job_info_work_city,0.03,
job_info_work_postal_code,36.16,
job_info_work_state,0.03,
naics_2007_us_code,94.52,
naics_2007_us_title,94.68,
naics_code,76.38,30.79
naics_title,76.38,
naics_us_code,59.9,
naics_us_code_2007,69.47,
naics_us_title,59.9,
naics_us_title_2007,70.28,
orig_case_no,99.92,
orig_file_date,99.92,
preparer_info_emp_completed,36.14,
preparer_info_title,43.83,
pw_amount_9089,0.59,
pw_determ_date,36.22,
pw_expire_date,36.24,
pw_job_title_908,59.83,
pw_job_title_9089,40.27,
pw_level_9089,7.38,
pw_soc_code,0.16,
pw_soc_title,0.62,
pw_source_name_9089,0.56,
pw_source_name_other_9089,95.79,
pw_track_num,36.66,
pw_unit_of_pay_9089,0.42,
rec_info_barg_rep_notified,76.34,
recr_info_barg_rep_notified,59.82,
recr_info_coll_teach_comp_proc,98.12,
recr_info_coll_univ_teacher,36.14,
recr_info_employer_rec_payment,36.14,
recr_info_first_ad_start,37.78,
recr_info_job_fair_from,99.52,
recr_info_job_fair_to,99.52,
recr_info_on_campus_recr_from,99.5,
recr_info_on_campus_recr_to,99.5,
recr_info_pro_org_advert_from,96.24,
recr_info_pro_org_advert_to,96.24,
recr_info_prof_org_advert_from,92.5,
recr_info_prof_org_advert_to,92.5,
recr_info_professional_occ,36.14,
recr_info_radio_tv_ad_from,94.56,
recr_info_radio_tv_ad_to,94.56,
recr_info_second_ad_start,37.79,
recr_info_sunday_newspaper,37.75,
recr_info_swa_job_order_end,37.79,
recr_info_swa_job_order_start,37.78,
refile,68.46,
ri_1st_ad_newspaper_name,37.78,
ri_2nd_ad_newspaper_name,37.79,
ri_2nd_ad_newspaper_or_journal,37.78,
ri_campus_placement_from,91.99,
ri_campus_placement_to,91.99,
ri_coll_tch_basic_process,98.13,
ri_coll_teach_pro_jnl,98.47,
ri_coll_teach_select_date,98.47,
ri_employee_referral_prog_from,81.64,
ri_employee_referral_prog_to,81.64,
ri_employer_web_post_from,63.5,
ri_employer_web_post_to,63.51,
ri_job_search_website_from,47.43,
ri_job_search_website_to,47.44,
ri_layoff_in_past_six_months,36.14,
ri_local_ethnic_paper_from,67.71,
ri_local_ethnic_paper_to,67.71,
ri_posted_notice_at_worksite,36.16,
ri_pvt_employment_firm_from,95.61,
ri_pvt_employment_firm_to,95.61,
ri_us_workers_considered,95.4,
schd_a_sheepherder,36.14,
us_economic_sector,65.52,
wage_offer_from_9089,30.66,
wage_offer_to_9089,80.33,
wage_offer_unit_of_pay_9089,30.96,
wage_offered_from_9089,69.38,
wage_offered_to_9089,91.72,
wage_offered_unit_of_pay_9089,81.11,
case_id,,0.0
wage_offer_from,,0.03
wage_offer_unit,,12.08
