column,train_mean,train_std
wage_offer_annual,93976.609375,37526.89453125
pw_annual,86083.703125,32022.03515625
wage_gap_annual,7892.912109375,19205.31640625
wage_to_pw_ratio,1.1077780723571777,0.31102558970451355
employer_num_employees_log,7.065810680389404,2.4758970737457275
employer_filing_count_log,3.7501893043518066,2.706718921661377
employer_yr_estab,1988.867919921875,27.198488235473633
employer_age,27.13215446472168,27.198488235473633
pw_level,2.3733809122900955,1.2416404614264083
edu_worker,2.029033496665833,1.840954454057209
edu_required,1.998509928525886,1.8199950474902233
edu_gap,0.024887363982541856,0.35906225532851316
