,weight
wage_offer_annual,-0.16224961468837576
employer_filing_count_log,-0.12439814041319118
employer_num_employees_log,-0.0747255785342939
wage_to_pw_ratio,-0.03776895300160834
edu_required,-0.11145711955982122
pwsrc_Unknown,1.238533571519095
wage_below_pw,0.18213898427702332
employer_age,0.045284312075498864
coa_H_1B,-0.09599675677208729
soc_15,-0.10487222560768229
coa_Unknown,0.0877113943208293
edu_meets_requirement,0.06881997636531331
pw_level,0.010999757196928629
country_INDIA,0.030274014243354068
has_agent,-0.1454268945272377
soc_51,0.24455529127735687
country_MEXICO,0.14341796995571654
coa_EWI,0.17962090010080456
pwsrc_OES,-0.05277993772052559
edu_gap,0.01363944240148088
experience_required,-0.1462112582755017
naics_N54,0.06660660639104918
soc_47,0.3044094595384237
country_PHILIPPINES,0.26606922452897575
pwsrc_Employer_Conducted,0.4176372469099149
