param_C,param_penalty,mean_test_score,std_test_score,mean_train_score,rank_test_score
10.0,l2,0.32506020005556735,0.007182030651166671,0.3253871923433098,1
10.0,l1,0.3250587185604866,0.00718121452419922,0.3253854300169577,2
1.0,l1,0.32504814702093643,0.007182564724733906,0.32537046265163755,3
1.0,l2,0.3250459721030042,0.007182095383509999,0.3253746756260278,4
0.1,l2,0.3249304003364338,0.007175647206894639,0.3252563754428708,5
0.1,l1,0.3249103578481862,0.00717804396598201,0.32524388603022725,6
0.01,l2,0.3240341457940583,0.007180702287997575,0.3243416098068836,7
0.01,l1,0.32370672702469944,0.007093366438812401,0.3240349247285579,8
0.001,l2,0.3178676712210359,0.007159747304717728,0.31823522782559255,9
0.001,l1,0.3114282511708063,0.006340061961428241,0.3117660339932905,10
