,importance
wage_offer_annual,0.22321131740568878
employer_filing_count_log,0.1296580418186354
employer_num_employees_log,0.1016117814074159
wage_to_pw_ratio,0.0885962127413016
edu_required,0.06854781389246833
pwsrc_Unknown,0.06225039869755305
employer_age,0.057256975876952075
coa_H_1B,0.0383198888000949
pw_level,0.03733895473412408
has_agent,0.025143786996275095
soc_15,0.025027944315203082
pwsrc_OES,0.019757739335357852
wage_below_pw,0.018822907366496486
experience_required,0.017869396021641188
coa_Unknown,0.014683254781290487
naics_N54,0.012148896963234892
country_INDIA,0.012011912884673825
edu_meets_requirement,0.008727927535861664
soc_51,0.008549011951081544
country_PHILIPPINES,0.008166272727554092
country_MEXICO,0.0068106955907002095
edu_gap,0.0060872088964304535
soc_47,0.004540593347945212
coa_EWI,0.003797440775758339
pwsrc_Employer_Conducted,0.001063625136261495
